time_utc,type,status,event,source_url,source_local_time,verified_on_utc,note
2020-01-10T13:30:00+00:00,NFP,released,release,https://www.bls.gov/schedule/2020/home.htm,2020-01-10T08:30:00-05:00,2026-10-02,Actual revised BLS calendar; cancelled publications omitted
2020-01-14T13:30:00+00:00,CPI,released,release,https://www.bls.gov/schedule/2020/home.htm,2020-01-14T08:30:00-05:00,2026-10-02,Actual revised BLS calendar; cancelled publications omitted
2020-01-29T19:00:00+00:00,FOMC,released,policy_statement,https://www.federalreserve.gov/newsevents/pressreleases/monetary20200129a.htm,2020-01-29T14:00:00-05:00,2026-10-02,Includes unscheduled FOMC statements; excludes minutes and framework statements
2020-02-07T13:30:00+00:00,NFP,released,release,https://www.bls.gov/schedule/2020/home.htm,2020-02-07T08:30:00-05:00,2026-10-02,Actual revised BLS calendar; cancelled publications omitted
2020-02-13T13:30:00+00:00,CPI,released,release,https://www.bls.gov/schedule/2020/home.htm,2020-02-13T08:30:00-05:00,2026-10-02,Actual revised BLS calendar; cancelled publications omitted
2020-03-03T15:00:00+00:00,FOMC,released,policy_statement,https://www.federalreserve.gov/newsevents/pressreleases/monetary20200303a.htm,2020-03-03T10:00:00-05:00,2026-10-02,Includes unscheduled FOMC statements; excludes minutes and framework statements
2020-03-06T13:30:00+00:00,NFP,released,release,https://www.bls.gov/schedule/2020/home.htm,2020-03-06T08:30:00-05:00,2026-10-02,Actual revised BLS calendar; cancelled publications omitted
2020-03-11T12:30:00+00:00,CPI,released,release,https://www.bls.gov/schedule/2020/home.htm,2020-03-11T08:30:00-04:00,2026-10-02,Actual revised BLS calendar; cancelled publications omitted
2020-03-15T21:00:00+00:00,FOMC,released,policy_statement,https://www.federalreserve.gov/newsevents/pressreleases/monetary20200315a.htm,2020-03-15T17:00:00-04:00,2026-10-02,Includes unscheduled FOMC statements; excludes minutes and framework statements
2020-03-23T12:00:00+00:00,FOMC,released,policy_statement,https://www.federalreserve.gov/newsevents/pressreleases/monetary20200323a.htm,2020-03-23T08:00:00-04:00,2026-10-02,Includes unscheduled FOMC statements; excludes minutes and framework statements
2020-04-03T12:30:00+00:00,NFP,released,release,https://www.bls.gov/schedule/2020/home.htm,2020-04-03T08:30:00-04:00,2026-10-02,Actual revised BLS calendar; cancelled publications omitted
2020-04-10T12:30:00+00:00,CPI,released,release,https://www.bls.gov/schedule/2020/home.htm,2020-04-10T08:30:00-04:00,2026-10-02,Actual revised BLS calendar; cancelled publications omitted
2020-04-29T18:00:00+00:00,FOMC,released,policy_statement,https://www.federalreserve.gov/newsevents/pressreleases/monetary20200429a.htm,2020-04-29T14:00:00-04:00,2026-10-02,Includes unscheduled FOMC statements; excludes minutes and framework statements
2020-05-08T12:30:00+00:00,NFP,released,release,https://www.bls.gov/schedule/2020/home.htm,2020-05-08T08:30:00-04:00,2026-10-02,Actual revised BLS calendar; cancelled publications omitted
2020-05-12T12:30:00+00:00,CPI,released,release,https://www.bls.gov/schedule/2020/home.htm,2020-05-12T08:30:00-04:00,2026-10-02,Actual revised BLS calendar; cancelled publications omitted
2020-06-05T12:30:00+00:00,NFP,released,release,https://www.bls.gov/schedule/2020/home.htm,2020-06-05T08:30:00-04:00,2026-10-02,Actual revised BLS calendar; cancelled publications omitted
2020-06-10T12:30:00+00:00,CPI,released,release,https://www.bls.gov/schedule/2020/home.htm,2020-06-10T08:30:00-04:00,2026-10-02,Actual revised BLS calendar; cancelled publications omitted
2020-06-10T18:00:00+00:00,FOMC,released,policy_statement,https://www.federalreserve.gov/newsevents/pressreleases/monetary20200610a.htm,2020-06-10T14:00:00-04:00,2026-10-02,Includes unscheduled FOMC statements; excludes minutes and framework statements
2020-07-02T12:30:00+00:00,NFP,released,release,https://www.bls.gov/schedule/2020/home.htm,2020-07-02T08:30:00-04:00,2026-10-02,Actual revised BLS calendar; cancelled publications omitted
2020-07-14T12:30:00+00:00,CPI,released,release,https://www.bls.gov/schedule/2020/home.htm,2020-07-14T08:30:00-04:00,2026-10-02,Actual revised BLS calendar; cancelled publications omitted
2020-07-29T18:00:00+00:00,FOMC,released,policy_statement,https://www.federalreserve.gov/newsevents/pressreleases/monetary20200729a.htm,2020-07-29T14:00:00-04:00,2026-10-02,Includes unscheduled FOMC statements; excludes minutes and framework statements
2020-08-07T12:30:00+00:00,NFP,released,release,https://www.bls.gov/schedule/2020/home.htm,2020-08-07T08:30:00-04:00,2026-10-02,Actual revised BLS calendar; cancelled publications omitted
2020-08-12T12:30:00+00:00,CPI,released,release,https://www.bls.gov/schedule/2020/home.htm,2020-08-12T08:30:00-04:00,2026-10-02,Actual revised BLS calendar; cancelled publications omitted
2020-09-04T12:30:00+00:00,NFP,released,release,https://www.bls.gov/schedule/2020/home.htm,2020-09-04T08:30:00-04:00,2026-10-02,Actual revised BLS calendar; cancelled publications omitted
2020-09-11T12:30:00+00:00,CPI,released,release,https://www.bls.gov/schedule/2020/home.htm,2020-09-11T08:30:00-04:00,2026-10-02,Actual revised BLS calendar; cancelled publications omitted
2020-09-16T18:00:00+00:00,FOMC,released,policy_statement,https://www.federalreserve.gov/newsevents/pressreleases/monetary20200916a.htm,2020-09-16T14:00:00-04:00,2026-10-02,Includes unscheduled FOMC statements; excludes minutes and framework statements
2020-10-02T12:30:00+00:00,NFP,released,release,https://www.bls.gov/schedule/2020/home.htm,2020-10-02T08:30:00-04:00,2026-10-02,Actual revised BLS calendar; cancelled publications omitted
2020-10-13T12:30:00+00:00,CPI,released,release,https://www.bls.gov/schedule/2020/home.htm,2020-10-13T08:30:00-04:00,2026-10-02,Actual revised BLS calendar; cancelled publications omitted
2020-11-05T19:00:00+00:00,FOMC,released,policy_statement,https://www.federalreserve.gov/newsevents/pressreleases/monetary20201105a.htm,2020-11-05T14:00:00-05:00,2026-10-02,Includes unscheduled FOMC statements; excludes minutes and framework statements
2020-11-06T13:30:00+00:00,NFP,released,release,https://www.bls.gov/schedule/2020/home.htm,2020-11-06T08:30:00-05:00,2026-10-02,Actual revised BLS calendar; cancelled publications omitted
2020-11-12T13:30:00+00:00,CPI,released,release,https://www.bls.gov/schedule/2020/home.htm,2020-11-12T08:30:00-05:00,2026-10-02,Actual revised BLS calendar; cancelled publications omitted
2020-12-04T13:30:00+00:00,NFP,released,release,https://www.bls.gov/schedule/2020/home.htm,2020-12-04T08:30:00-05:00,2026-10-02,Actual revised BLS calendar; cancelled publications omitted
2020-12-10T13:30:00+00:00,CPI,released,release,https://www.bls.gov/schedule/2020/home.htm,2020-12-10T08:30:00-05:00,2026-10-02,Actual revised BLS calendar; cancelled publications omitted
2020-12-16T19:00:00+00:00,FOMC,released,policy_statement,https://www.federalreserve.gov/newsevents/pressreleases/monetary20201216a.htm,2020-12-16T14:00:00-05:00,2026-10-02,Includes unscheduled FOMC statements; excludes minutes and framework statements
2021-01-08T13:30:00+00:00,NFP,released,release,https://www.bls.gov/schedule/2021/home.htm,2021-01-08T08:30:00-05:00,2026-10-02,Actual revised BLS calendar; cancelled publications omitted
2021-01-13T13:30:00+00:00,CPI,released,release,https://www.bls.gov/schedule/2021/home.htm,2021-01-13T08:30:00-05:00,2026-10-02,Actual revised BLS calendar; cancelled publications omitted
2021-01-27T19:00:00+00:00,FOMC,released,policy_statement,https://www.federalreserve.gov/newsevents/pressreleases/monetary20210127a.htm,2021-01-27T14:00:00-05:00,2026-10-02,Includes unscheduled FOMC statements; excludes minutes and framework statements
2021-02-05T13:30:00+00:00,NFP,released,release,https://www.bls.gov/schedule/2021/home.htm,2021-02-05T08:30:00-05:00,2026-10-02,Actual revised BLS calendar; cancelled publications omitted
2021-02-10T13:30:00+00:00,CPI,released,release,https://www.bls.gov/schedule/2021/home.htm,2021-02-10T08:30:00-05:00,2026-10-02,Actual revised BLS calendar; cancelled publications omitted
2021-03-05T13:30:00+00:00,NFP,released,release,https://www.bls.gov/schedule/2021/home.htm,2021-03-05T08:30:00-05:00,2026-10-02,Actual revised BLS calendar; cancelled publications omitted
2021-03-10T13:30:00+00:00,CPI,released,release,https://www.bls.gov/schedule/2021/home.htm,2021-03-10T08:30:00-05:00,2026-10-02,Actual revised BLS calendar; cancelled publications omitted
2021-03-17T18:00:00+00:00,FOMC,released,policy_statement,https://www.federalreserve.gov/newsevents/pressreleases/monetary20210317a.htm,2021-03-17T14:00:00-04:00,2026-10-02,Includes unscheduled FOMC statements; excludes minutes and framework statements
2021-04-02T12:30:00+00:00,NFP,released,release,https://www.bls.gov/schedule/2021/home.htm,2021-04-02T08:30:00-04:00,2026-10-02,Actual revised BLS calendar; cancelled publications omitted
2021-04-13T12:30:00+00:00,CPI,released,release,https://www.bls.gov/schedule/2021/home.htm,2021-04-13T08:30:00-04:00,2026-10-02,Actual revised BLS calendar; cancelled publications omitted
2021-04-28T18:00:00+00:00,FOMC,released,policy_statement,https://www.federalreserve.gov/newsevents/pressreleases/monetary20210428a.htm,2021-04-28T14:00:00-04:00,2026-10-02,Includes unscheduled FOMC statements; excludes minutes and framework statements
2021-05-07T12:30:00+00:00,NFP,released,release,https://www.bls.gov/schedule/2021/home.htm,2021-05-07T08:30:00-04:00,2026-10-02,Actual revised BLS calendar; cancelled publications omitted
2021-05-12T12:30:00+00:00,CPI,released,release,https://www.bls.gov/schedule/2021/home.htm,2021-05-12T08:30:00-04:00,2026-10-02,Actual revised BLS calendar; cancelled publications omitted
2021-06-04T12:30:00+00:00,NFP,released,release,https://www.bls.gov/schedule/2021/home.htm,2021-06-04T08:30:00-04:00,2026-10-02,Actual revised BLS calendar; cancelled publications omitted
2021-06-10T12:30:00+00:00,CPI,released,release,https://www.bls.gov/schedule/2021/home.htm,2021-06-10T08:30:00-04:00,2026-10-02,Actual revised BLS calendar; cancelled publications omitted
2021-06-16T18:00:00+00:00,FOMC,released,policy_statement,https://www.federalreserve.gov/newsevents/pressreleases/monetary20210616a.htm,2021-06-16T14:00:00-04:00,2026-10-02,Includes unscheduled FOMC statements; excludes minutes and framework statements
2021-07-02T12:30:00+00:00,NFP,released,release,https://www.bls.gov/schedule/2021/home.htm,2021-07-02T08:30:00-04:00,2026-10-02,Actual revised BLS calendar; cancelled publications omitted
2021-07-13T12:30:00+00:00,CPI,released,release,https://www.bls.gov/schedule/2021/home.htm,2021-07-13T08:30:00-04:00,2026-10-02,Actual revised BLS calendar; cancelled publications omitted
2021-07-28T18:00:00+00:00,FOMC,released,policy_statement,https://www.federalreserve.gov/newsevents/pressreleases/monetary20210728a.htm,2021-07-28T14:00:00-04:00,2026-10-02,Includes unscheduled FOMC statements; excludes minutes and framework statements
2021-08-06T12:30:00+00:00,NFP,released,release,https://www.bls.gov/schedule/2021/home.htm,2021-08-06T08:30:00-04:00,2026-10-02,Actual revised BLS calendar; cancelled publications omitted
2021-08-11T12:30:00+00:00,CPI,released,release,https://www.bls.gov/schedule/2021/home.htm,2021-08-11T08:30:00-04:00,2026-10-02,Actual revised BLS calendar; cancelled publications omitted
2021-09-03T12:30:00+00:00,NFP,released,release,https://www.bls.gov/schedule/2021/home.htm,2021-09-03T08:30:00-04:00,2026-10-02,Actual revised BLS calendar; cancelled publications omitted
2021-09-14T12:30:00+00:00,CPI,released,release,https://www.bls.gov/schedule/2021/home.htm,2021-09-14T08:30:00-04:00,2026-10-02,Actual revised BLS calendar; cancelled publications omitted
2021-09-22T18:00:00+00:00,FOMC,released,policy_statement,https://www.federalreserve.gov/newsevents/pressreleases/monetary20210922a.htm,2021-09-22T14:00:00-04:00,2026-10-02,Includes unscheduled FOMC statements; excludes minutes and framework statements
2021-10-08T12:30:00+00:00,NFP,released,release,https://www.bls.gov/schedule/2021/home.htm,2021-10-08T08:30:00-04:00,2026-10-02,Actual revised BLS calendar; cancelled publications omitted
2021-10-13T12:30:00+00:00,CPI,released,release,https://www.bls.gov/schedule/2021/home.htm,2021-10-13T08:30:00-04:00,2026-10-02,Actual revised BLS calendar; cancelled publications omitted
2021-11-03T18:00:00+00:00,FOMC,released,policy_statement,https://www.federalreserve.gov/newsevents/pressreleases/monetary20211103a.htm,2021-11-03T14:00:00-04:00,2026-10-02,Includes unscheduled FOMC statements; excludes minutes and framework statements
2021-11-05T12:30:00+00:00,NFP,released,release,https://www.bls.gov/schedule/2021/home.htm,2021-11-05T08:30:00-04:00,2026-10-02,Actual revised BLS calendar; cancelled publications omitted
2021-11-10T13:30:00+00:00,CPI,released,release,https://www.bls.gov/schedule/2021/home.htm,2021-11-10T08:30:00-05:00,2026-10-02,Actual revised BLS calendar; cancelled publications omitted
2021-12-03T13:30:00+00:00,NFP,released,release,https://www.bls.gov/schedule/2021/home.htm,2021-12-03T08:30:00-05:00,2026-10-02,Actual revised BLS calendar; cancelled publications omitted
2021-12-10T13:30:00+00:00,CPI,released,release,https://www.bls.gov/schedule/2021/home.htm,2021-12-10T08:30:00-05:00,2026-10-02,Actual revised BLS calendar; cancelled publications omitted
2021-12-15T19:00:00+00:00,FOMC,released,policy_statement,https://www.federalreserve.gov/newsevents/pressreleases/monetary20211215a.htm,2021-12-15T14:00:00-05:00,2026-10-02,Includes unscheduled FOMC statements; excludes minutes and framework statements
2022-01-07T13:30:00+00:00,NFP,released,release,https://www.bls.gov/schedule/2022/home.htm,2022-01-07T08:30:00-05:00,2026-10-02,Actual revised BLS calendar; cancelled publications omitted
2022-01-12T13:30:00+00:00,CPI,released,release,https://www.bls.gov/schedule/2022/home.htm,2022-01-12T08:30:00-05:00,2026-10-02,Actual revised BLS calendar; cancelled publications omitted
2022-01-26T19:00:00+00:00,FOMC,released,policy_statement,https://www.federalreserve.gov/newsevents/pressreleases/monetary20220126a.htm,2022-01-26T14:00:00-05:00,2026-10-02,Includes unscheduled FOMC statements; excludes minutes and framework statements
2022-02-04T13:30:00+00:00,NFP,released,release,https://www.bls.gov/schedule/2022/home.htm,2022-02-04T08:30:00-05:00,2026-10-02,Actual revised BLS calendar; cancelled publications omitted
2022-02-10T13:30:00+00:00,CPI,released,release,https://www.bls.gov/schedule/2022/home.htm,2022-02-10T08:30:00-05:00,2026-10-02,Actual revised BLS calendar; cancelled publications omitted
2022-03-04T13:30:00+00:00,NFP,released,release,https://www.bls.gov/schedule/2022/home.htm,2022-03-04T08:30:00-05:00,2026-10-02,Actual revised BLS calendar; cancelled publications omitted
2022-03-10T13:30:00+00:00,CPI,released,release,https://www.bls.gov/schedule/2022/home.htm,2022-03-10T08:30:00-05:00,2026-10-02,Actual revised BLS calendar; cancelled publications omitted
2022-03-16T18:00:00+00:00,FOMC,released,policy_statement,https://www.federalreserve.gov/newsevents/pressreleases/monetary20220316a.htm,2022-03-16T14:00:00-04:00,2026-10-02,Includes unscheduled FOMC statements; excludes minutes and framework statements
2022-04-01T12:30:00+00:00,NFP,released,release,https://www.bls.gov/schedule/2022/home.htm,2022-04-01T08:30:00-04:00,2026-10-02,Actual revised BLS calendar; cancelled publications omitted
2022-04-12T12:30:00+00:00,CPI,released,release,https://www.bls.gov/schedule/2022/home.htm,2022-04-12T08:30:00-04:00,2026-10-02,Actual revised BLS calendar; cancelled publications omitted
2022-05-04T18:00:00+00:00,FOMC,released,policy_statement,https://www.federalreserve.gov/newsevents/pressreleases/monetary20220504a.htm,2022-05-04T14:00:00-04:00,2026-10-02,Includes unscheduled FOMC statements; excludes minutes and framework statements
2022-05-06T12:30:00+00:00,NFP,released,release,https://www.bls.gov/schedule/2022/home.htm,2022-05-06T08:30:00-04:00,2026-10-02,Actual revised BLS calendar; cancelled publications omitted
2022-05-11T12:30:00+00:00,CPI,released,release,https://www.bls.gov/schedule/2022/home.htm,2022-05-11T08:30:00-04:00,2026-10-02,Actual revised BLS calendar; cancelled publications omitted
2022-06-03T12:30:00+00:00,NFP,released,release,https://www.bls.gov/schedule/2022/home.htm,2022-06-03T08:30:00-04:00,2026-10-02,Actual revised BLS calendar; cancelled publications omitted
2022-06-10T12:30:00+00:00,CPI,released,release,https://www.bls.gov/schedule/2022/home.htm,2022-06-10T08:30:00-04:00,2026-10-02,Actual revised BLS calendar; cancelled publications omitted
2022-06-15T18:00:00+00:00,FOMC,released,policy_statement,https://www.federalreserve.gov/newsevents/pressreleases/monetary20220615a.htm,2022-06-15T14:00:00-04:00,2026-10-02,Includes unscheduled FOMC statements; excludes minutes and framework statements
2022-07-08T12:30:00+00:00,NFP,released,release,https://www.bls.gov/schedule/2022/home.htm,2022-07-08T08:30:00-04:00,2026-10-02,Actual revised BLS calendar; cancelled publications omitted
2022-07-13T12:30:00+00:00,CPI,released,release,https://www.bls.gov/schedule/2022/home.htm,2022-07-13T08:30:00-04:00,2026-10-02,Actual revised BLS calendar; cancelled publications omitted
2022-07-27T18:00:00+00:00,FOMC,released,policy_statement,https://www.federalreserve.gov/newsevents/pressreleases/monetary20220727a.htm,2022-07-27T14:00:00-04:00,2026-10-02,Includes unscheduled FOMC statements; excludes minutes and framework statements
2022-08-05T12:30:00+00:00,NFP,released,release,https://www.bls.gov/schedule/2022/home.htm,2022-08-05T08:30:00-04:00,2026-10-02,Actual revised BLS calendar; cancelled publications omitted
2022-08-10T12:30:00+00:00,CPI,released,release,https://www.bls.gov/schedule/2022/home.htm,2022-08-10T08:30:00-04:00,2026-10-02,Actual revised BLS calendar; cancelled publications omitted
2022-09-02T12:30:00+00:00,NFP,released,release,https://www.bls.gov/schedule/2022/home.htm,2022-09-02T08:30:00-04:00,2026-10-02,Actual revised BLS calendar; cancelled publications omitted
2022-09-13T12:30:00+00:00,CPI,released,release,https://www.bls.gov/schedule/2022/home.htm,2022-09-13T08:30:00-04:00,2026-10-02,Actual revised BLS calendar; cancelled publications omitted
2022-09-21T18:00:00+00:00,FOMC,released,policy_statement,https://www.federalreserve.gov/newsevents/pressreleases/monetary20220921a.htm,2022-09-21T14:00:00-04:00,2026-10-02,Includes unscheduled FOMC statements; excludes minutes and framework statements
2022-10-07T12:30:00+00:00,NFP,released,release,https://www.bls.gov/schedule/2022/home.htm,2022-10-07T08:30:00-04:00,2026-10-02,Actual revised BLS calendar; cancelled publications omitted
2022-10-13T12:30:00+00:00,CPI,released,release,https://www.bls.gov/schedule/2022/home.htm,2022-10-13T08:30:00-04:00,2026-10-02,Actual revised BLS calendar; cancelled publications omitted
2022-11-02T18:00:00+00:00,FOMC,released,policy_statement,https://www.federalreserve.gov/newsevents/pressreleases/monetary20221102a.htm,2022-11-02T14:00:00-04:00,2026-10-02,Includes unscheduled FOMC statements; excludes minutes and framework statements
2022-11-04T12:30:00+00:00,NFP,released,release,https://www.bls.gov/schedule/2022/home.htm,2022-11-04T08:30:00-04:00,2026-10-02,Actual revised BLS calendar; cancelled publications omitted
2022-11-10T13:30:00+00:00,CPI,released,release,https://www.bls.gov/schedule/2022/home.htm,2022-11-10T08:30:00-05:00,2026-10-02,Actual revised BLS calendar; cancelled publications omitted
2022-12-02T13:30:00+00:00,NFP,released,release,https://www.bls.gov/schedule/2022/home.htm,2022-12-02T08:30:00-05:00,2026-10-02,Actual revised BLS calendar; cancelled publications omitted
2022-12-13T13:30:00+00:00,CPI,released,release,https://www.bls.gov/schedule/2022/home.htm,2022-12-13T08:30:00-05:00,2026-10-02,Actual revised BLS calendar; cancelled publications omitted
2022-12-14T19:00:00+00:00,FOMC,released,policy_statement,https://www.federalreserve.gov/newsevents/pressreleases/monetary20221214a.htm,2022-12-14T14:00:00-05:00,2026-10-02,Includes unscheduled FOMC statements; excludes minutes and framework statements
2023-01-06T13:30:00+00:00,NFP,released,release,https://www.bls.gov/schedule/2023/home.htm,2023-01-06T08:30:00-05:00,2026-10-02,Actual revised BLS calendar; cancelled publications omitted
2023-01-12T13:30:00+00:00,CPI,released,release,https://www.bls.gov/schedule/2023/home.htm,2023-01-12T08:30:00-05:00,2026-10-02,Actual revised BLS calendar; cancelled publications omitted
2023-02-01T19:00:00+00:00,FOMC,released,policy_statement,https://www.federalreserve.gov/newsevents/pressreleases/monetary20230201a.htm,2023-02-01T14:00:00-05:00,2026-10-02,Includes unscheduled FOMC statements; excludes minutes and framework statements
2023-02-03T13:30:00+00:00,NFP,released,release,https://www.bls.gov/schedule/2023/home.htm,2023-02-03T08:30:00-05:00,2026-10-02,Actual revised BLS calendar; cancelled publications omitted
2023-02-14T13:30:00+00:00,CPI,released,release,https://www.bls.gov/schedule/2023/home.htm,2023-02-14T08:30:00-05:00,2026-10-02,Actual revised BLS calendar; cancelled publications omitted
2023-03-10T13:30:00+00:00,NFP,released,release,https://www.bls.gov/schedule/2023/home.htm,2023-03-10T08:30:00-05:00,2026-10-02,Actual revised BLS calendar; cancelled publications omitted
2023-03-14T12:30:00+00:00,CPI,released,release,https://www.bls.gov/schedule/2023/home.htm,2023-03-14T08:30:00-04:00,2026-10-02,Actual revised BLS calendar; cancelled publications omitted
2023-03-22T18:00:00+00:00,FOMC,released,policy_statement,https://www.federalreserve.gov/newsevents/pressreleases/monetary20230322a.htm,2023-03-22T14:00:00-04:00,2026-10-02,Includes unscheduled FOMC statements; excludes minutes and framework statements
2023-04-07T12:30:00+00:00,NFP,released,release,https://www.bls.gov/schedule/2023/home.htm,2023-04-07T08:30:00-04:00,2026-10-02,Actual revised BLS calendar; cancelled publications omitted
2023-04-12T12:30:00+00:00,CPI,released,release,https://www.bls.gov/schedule/2023/home.htm,2023-04-12T08:30:00-04:00,2026-10-02,Actual revised BLS calendar; cancelled publications omitted
2023-05-03T18:00:00+00:00,FOMC,released,policy_statement,https://www.federalreserve.gov/newsevents/pressreleases/monetary20230503a.htm,2023-05-03T14:00:00-04:00,2026-10-02,Includes unscheduled FOMC statements; excludes minutes and framework statements
2023-05-05T12:30:00+00:00,NFP,released,release,https://www.bls.gov/schedule/2023/home.htm,2023-05-05T08:30:00-04:00,2026-10-02,Actual revised BLS calendar; cancelled publications omitted
2023-05-10T12:30:00+00:00,CPI,released,release,https://www.bls.gov/schedule/2023/home.htm,2023-05-10T08:30:00-04:00,2026-10-02,Actual revised BLS calendar; cancelled publications omitted
2023-06-02T12:30:00+00:00,NFP,released,release,https://www.bls.gov/schedule/2023/home.htm,2023-06-02T08:30:00-04:00,2026-10-02,Actual revised BLS calendar; cancelled publications omitted
2023-06-13T12:30:00+00:00,CPI,released,release,https://www.bls.gov/schedule/2023/home.htm,2023-06-13T08:30:00-04:00,2026-10-02,Actual revised BLS calendar; cancelled publications omitted
2023-06-14T18:00:00+00:00,FOMC,released,policy_statement,https://www.federalreserve.gov/newsevents/pressreleases/monetary20230614a.htm,2023-06-14T14:00:00-04:00,2026-10-02,Includes unscheduled FOMC statements; excludes minutes and framework statements
2023-07-07T12:30:00+00:00,NFP,released,release,https://www.bls.gov/schedule/2023/home.htm,2023-07-07T08:30:00-04:00,2026-10-02,Actual revised BLS calendar; cancelled publications omitted
2023-07-12T12:30:00+00:00,CPI,released,release,https://www.bls.gov/schedule/2023/home.htm,2023-07-12T08:30:00-04:00,2026-10-02,Actual revised BLS calendar; cancelled publications omitted
2023-07-26T18:00:00+00:00,FOMC,released,policy_statement,https://www.federalreserve.gov/newsevents/pressreleases/monetary20230726a.htm,2023-07-26T14:00:00-04:00,2026-10-02,Includes unscheduled FOMC statements; excludes minutes and framework statements
2023-08-04T12:30:00+00:00,NFP,released,release,https://www.bls.gov/schedule/2023/home.htm,2023-08-04T08:30:00-04:00,2026-10-02,Actual revised BLS calendar; cancelled publications omitted
2023-08-10T12:30:00+00:00,CPI,released,release,https://www.bls.gov/schedule/2023/home.htm,2023-08-10T08:30:00-04:00,2026-10-02,Actual revised BLS calendar; cancelled publications omitted
2023-09-01T12:30:00+00:00,NFP,released,release,https://www.bls.gov/schedule/2023/home.htm,2023-09-01T08:30:00-04:00,2026-10-02,Actual revised BLS calendar; cancelled publications omitted
2023-09-13T12:30:00+00:00,CPI,released,release,https://www.bls.gov/schedule/2023/home.htm,2023-09-13T08:30:00-04:00,2026-10-02,Actual revised BLS calendar; cancelled publications omitted
2023-09-20T18:00:00+00:00,FOMC,released,policy_statement,https://www.federalreserve.gov/newsevents/pressreleases/monetary20230920a.htm,2023-09-20T14:00:00-04:00,2026-10-02,Includes unscheduled FOMC statements; excludes minutes and framework statements
2023-10-06T12:30:00+00:00,NFP,released,release,https://www.bls.gov/schedule/2023/home.htm,2023-10-06T08:30:00-04:00,2026-10-02,Actual revised BLS calendar; cancelled publications omitted
2023-10-12T12:30:00+00:00,CPI,released,release,https://www.bls.gov/schedule/2023/home.htm,2023-10-12T08:30:00-04:00,2026-10-02,Actual revised BLS calendar; cancelled publications omitted
2023-11-01T18:00:00+00:00,FOMC,released,policy_statement,https://www.federalreserve.gov/newsevents/pressreleases/monetary20231101a.htm,2023-11-01T14:00:00-04:00,2026-10-02,Includes unscheduled FOMC statements; excludes minutes and framework statements
2023-11-03T12:30:00+00:00,NFP,released,release,https://www.bls.gov/schedule/2023/home.htm,2023-11-03T08:30:00-04:00,2026-10-02,Actual revised BLS calendar; cancelled publications omitted
2023-11-14T13:30:00+00:00,CPI,released,release,https://www.bls.gov/schedule/2023/home.htm,2023-11-14T08:30:00-05:00,2026-10-02,Actual revised BLS calendar; cancelled publications omitted
2023-12-08T13:30:00+00:00,NFP,released,release,https://www.bls.gov/schedule/2023/home.htm,2023-12-08T08:30:00-05:00,2026-10-02,Actual revised BLS calendar; cancelled publications omitted
2023-12-12T13:30:00+00:00,CPI,released,release,https://www.bls.gov/schedule/2023/home.htm,2023-12-12T08:30:00-05:00,2026-10-02,Actual revised BLS calendar; cancelled publications omitted
2023-12-13T19:00:00+00:00,FOMC,released,policy_statement,https://www.federalreserve.gov/newsevents/pressreleases/monetary20231213a.htm,2023-12-13T14:00:00-05:00,2026-10-02,Includes unscheduled FOMC statements; excludes minutes and framework statements
2024-01-05T13:30:00+00:00,NFP,released,release,https://www.bls.gov/schedule/2024/home.htm,2024-01-05T08:30:00-05:00,2026-10-02,Actual revised BLS calendar; cancelled publications omitted
2024-01-11T13:30:00+00:00,CPI,released,release,https://www.bls.gov/schedule/2024/home.htm,2024-01-11T08:30:00-05:00,2026-10-02,Actual revised BLS calendar; cancelled publications omitted
2024-01-31T19:00:00+00:00,FOMC,released,policy_statement,https://www.federalreserve.gov/newsevents/pressreleases/monetary20240131a.htm,2024-01-31T14:00:00-05:00,2026-10-02,Includes unscheduled FOMC statements; excludes minutes and framework statements
2024-02-02T13:30:00+00:00,NFP,released,release,https://www.bls.gov/schedule/2024/home.htm,2024-02-02T08:30:00-05:00,2026-10-02,Actual revised BLS calendar; cancelled publications omitted
2024-02-13T13:30:00+00:00,CPI,released,release,https://www.bls.gov/schedule/2024/home.htm,2024-02-13T08:30:00-05:00,2026-10-02,Actual revised BLS calendar; cancelled publications omitted
2024-03-08T13:30:00+00:00,NFP,released,release,https://www.bls.gov/schedule/2024/home.htm,2024-03-08T08:30:00-05:00,2026-10-02,Actual revised BLS calendar; cancelled publications omitted
2024-03-12T12:30:00+00:00,CPI,released,release,https://www.bls.gov/schedule/2024/home.htm,2024-03-12T08:30:00-04:00,2026-10-02,Actual revised BLS calendar; cancelled publications omitted
2024-03-20T18:00:00+00:00,FOMC,released,policy_statement,https://www.federalreserve.gov/newsevents/pressreleases/monetary20240320a.htm,2024-03-20T14:00:00-04:00,2026-10-02,Includes unscheduled FOMC statements; excludes minutes and framework statements
2024-04-05T12:30:00+00:00,NFP,released,release,https://www.bls.gov/schedule/2024/home.htm,2024-04-05T08:30:00-04:00,2026-10-02,Actual revised BLS calendar; cancelled publications omitted
2024-04-10T12:30:00+00:00,CPI,released,release,https://www.bls.gov/schedule/2024/home.htm,2024-04-10T08:30:00-04:00,2026-10-02,Actual revised BLS calendar; cancelled publications omitted
2024-05-01T18:00:00+00:00,FOMC,released,policy_statement,https://www.federalreserve.gov/newsevents/pressreleases/monetary20240501a.htm,2024-05-01T14:00:00-04:00,2026-10-02,Includes unscheduled FOMC statements; excludes minutes and framework statements
2024-05-03T12:30:00+00:00,NFP,released,release,https://www.bls.gov/schedule/2024/home.htm,2024-05-03T08:30:00-04:00,2026-10-02,Actual revised BLS calendar; cancelled publications omitted
2024-05-15T12:30:00+00:00,CPI,released,release,https://www.bls.gov/schedule/2024/home.htm,2024-05-15T08:30:00-04:00,2026-10-02,Actual revised BLS calendar; cancelled publications omitted
2024-06-07T12:30:00+00:00,NFP,released,release,https://www.bls.gov/schedule/2024/home.htm,2024-06-07T08:30:00-04:00,2026-10-02,Actual revised BLS calendar; cancelled publications omitted
2024-06-12T12:30:00+00:00,CPI,released,release,https://www.bls.gov/schedule/2024/home.htm,2024-06-12T08:30:00-04:00,2026-10-02,Actual revised BLS calendar; cancelled publications omitted
2024-06-12T18:00:00+00:00,FOMC,released,policy_statement,https://www.federalreserve.gov/newsevents/pressreleases/monetary20240612a.htm,2024-06-12T14:00:00-04:00,2026-10-02,Includes unscheduled FOMC statements; excludes minutes and framework statements
2024-07-05T12:30:00+00:00,NFP,released,release,https://www.bls.gov/schedule/2024/home.htm,2024-07-05T08:30:00-04:00,2026-10-02,Actual revised BLS calendar; cancelled publications omitted
2024-07-11T12:30:00+00:00,CPI,released,release,https://www.bls.gov/schedule/2024/home.htm,2024-07-11T08:30:00-04:00,2026-10-02,Actual revised BLS calendar; cancelled publications omitted
2024-07-31T18:00:00+00:00,FOMC,released,policy_statement,https://www.federalreserve.gov/newsevents/pressreleases/monetary20240731a.htm,2024-07-31T14:00:00-04:00,2026-10-02,Includes unscheduled FOMC statements; excludes minutes and framework statements
2024-08-02T12:30:00+00:00,NFP,released,release,https://www.bls.gov/schedule/2024/home.htm,2024-08-02T08:30:00-04:00,2026-10-02,Actual revised BLS calendar; cancelled publications omitted
2024-08-14T12:30:00+00:00,CPI,released,release,https://www.bls.gov/schedule/2024/home.htm,2024-08-14T08:30:00-04:00,2026-10-02,Actual revised BLS calendar; cancelled publications omitted
2024-09-06T12:30:00+00:00,NFP,released,release,https://www.bls.gov/schedule/2024/home.htm,2024-09-06T08:30:00-04:00,2026-10-02,Actual revised BLS calendar; cancelled publications omitted
2024-09-11T12:30:00+00:00,CPI,released,release,https://www.bls.gov/schedule/2024/home.htm,2024-09-11T08:30:00-04:00,2026-10-02,Actual revised BLS calendar; cancelled publications omitted
2024-09-18T18:00:00+00:00,FOMC,released,policy_statement,https://www.federalreserve.gov/newsevents/pressreleases/monetary20240918a.htm,2024-09-18T14:00:00-04:00,2026-10-02,Includes unscheduled FOMC statements; excludes minutes and framework statements
2024-10-04T12:30:00+00:00,NFP,released,release,https://www.bls.gov/schedule/2024/home.htm,2024-10-04T08:30:00-04:00,2026-10-02,Actual revised BLS calendar; cancelled publications omitted
2024-10-10T12:30:00+00:00,CPI,released,release,https://www.bls.gov/schedule/2024/home.htm,2024-10-10T08:30:00-04:00,2026-10-02,Actual revised BLS calendar; cancelled publications omitted
2024-11-01T12:30:00+00:00,NFP,released,release,https://www.bls.gov/schedule/2024/home.htm,2024-11-01T08:30:00-04:00,2026-10-02,Actual revised BLS calendar; cancelled publications omitted
2024-11-07T19:00:00+00:00,FOMC,released,policy_statement,https://www.federalreserve.gov/newsevents/pressreleases/monetary20241107a.htm,2024-11-07T14:00:00-05:00,2026-10-02,Includes unscheduled FOMC statements; excludes minutes and framework statements
2024-11-13T13:30:00+00:00,CPI,released,release,https://www.bls.gov/schedule/2024/home.htm,2024-11-13T08:30:00-05:00,2026-10-02,Actual revised BLS calendar; cancelled publications omitted
2024-12-06T13:30:00+00:00,NFP,released,release,https://www.bls.gov/schedule/2024/home.htm,2024-12-06T08:30:00-05:00,2026-10-02,Actual revised BLS calendar; cancelled publications omitted
2024-12-11T13:30:00+00:00,CPI,released,release,https://www.bls.gov/schedule/2024/home.htm,2024-12-11T08:30:00-05:00,2026-10-02,Actual revised BLS calendar; cancelled publications omitted
2024-12-18T19:00:00+00:00,FOMC,released,policy_statement,https://www.federalreserve.gov/newsevents/pressreleases/monetary20241218a.htm,2024-12-18T14:00:00-05:00,2026-10-02,Includes unscheduled FOMC statements; excludes minutes and framework statements
2025-01-10T13:30:00+00:00,NFP,released,release,https://www.bls.gov/schedule/2025/home.htm,2025-01-10T08:30:00-05:00,2026-10-02,Actual revised BLS calendar; cancelled publications omitted
2025-01-15T13:30:00+00:00,CPI,released,release,https://www.bls.gov/schedule/2025/home.htm,2025-01-15T08:30:00-05:00,2026-10-02,Actual revised BLS calendar; cancelled publications omitted
2025-01-29T19:00:00+00:00,FOMC,released,policy_statement,https://www.federalreserve.gov/newsevents/pressreleases/monetary20250129a.htm,2025-01-29T14:00:00-05:00,2026-10-02,Includes unscheduled FOMC statements; excludes minutes and framework statements
2025-02-07T13:30:00+00:00,NFP,released,release,https://www.bls.gov/schedule/2025/home.htm,2025-02-07T08:30:00-05:00,2026-10-02,Actual revised BLS calendar; cancelled publications omitted
2025-02-12T13:30:00+00:00,CPI,released,release,https://www.bls.gov/schedule/2025/home.htm,2025-02-12T08:30:00-05:00,2026-10-02,Actual revised BLS calendar; cancelled publications omitted
2025-03-07T13:30:00+00:00,NFP,released,release,https://www.bls.gov/schedule/2025/home.htm,2025-03-07T08:30:00-05:00,2026-10-02,Actual revised BLS calendar; cancelled publications omitted
2025-03-12T12:30:00+00:00,CPI,released,release,https://www.bls.gov/schedule/2025/home.htm,2025-03-12T08:30:00-04:00,2026-10-02,Actual revised BLS calendar; cancelled publications omitted
2025-03-19T18:00:00+00:00,FOMC,released,policy_statement,https://www.federalreserve.gov/newsevents/pressreleases/monetary20250319a.htm,2025-03-19T14:00:00-04:00,2026-10-02,Includes unscheduled FOMC statements; excludes minutes and framework statements
2025-04-04T12:30:00+00:00,NFP,released,release,https://www.bls.gov/schedule/2025/home.htm,2025-04-04T08:30:00-04:00,2026-10-02,Actual revised BLS calendar; cancelled publications omitted
2025-04-10T12:30:00+00:00,CPI,released,release,https://www.bls.gov/schedule/2025/home.htm,2025-04-10T08:30:00-04:00,2026-10-02,Actual revised BLS calendar; cancelled publications omitted
2025-05-02T12:30:00+00:00,NFP,released,release,https://www.bls.gov/schedule/2025/home.htm,2025-05-02T08:30:00-04:00,2026-10-02,Actual revised BLS calendar; cancelled publications omitted
2025-05-07T18:00:00+00:00,FOMC,released,policy_statement,https://www.federalreserve.gov/newsevents/pressreleases/monetary20250507a.htm,2025-05-07T14:00:00-04:00,2026-10-02,Includes unscheduled FOMC statements; excludes minutes and framework statements
2025-05-13T12:30:00+00:00,CPI,released,release,https://www.bls.gov/schedule/2025/home.htm,2025-05-13T08:30:00-04:00,2026-10-02,Actual revised BLS calendar; cancelled publications omitted
2025-06-06T12:30:00+00:00,NFP,released,release,https://www.bls.gov/schedule/2025/home.htm,2025-06-06T08:30:00-04:00,2026-10-02,Actual revised BLS calendar; cancelled publications omitted
2025-06-11T12:30:00+00:00,CPI,released,release,https://www.bls.gov/schedule/2025/home.htm,2025-06-11T08:30:00-04:00,2026-10-02,Actual revised BLS calendar; cancelled publications omitted
2025-06-18T18:00:00+00:00,FOMC,released,policy_statement,https://www.federalreserve.gov/newsevents/pressreleases/monetary20250618a.htm,2025-06-18T14:00:00-04:00,2026-10-02,Includes unscheduled FOMC statements; excludes minutes and framework statements
2025-07-03T12:30:00+00:00,NFP,released,release,https://www.bls.gov/schedule/2025/home.htm,2025-07-03T08:30:00-04:00,2026-10-02,Actual revised BLS calendar; cancelled publications omitted
2025-07-15T12:30:00+00:00,CPI,released,release,https://www.bls.gov/schedule/2025/home.htm,2025-07-15T08:30:00-04:00,2026-10-02,Actual revised BLS calendar; cancelled publications omitted
2025-07-30T18:00:00+00:00,FOMC,released,policy_statement,https://www.federalreserve.gov/newsevents/pressreleases/monetary20250730a.htm,2025-07-30T14:00:00-04:00,2026-10-02,Includes unscheduled FOMC statements; excludes minutes and framework statements
2025-08-01T12:30:00+00:00,NFP,released,release,https://www.bls.gov/schedule/2025/home.htm,2025-08-01T08:30:00-04:00,2026-10-02,Actual revised BLS calendar; cancelled publications omitted
2025-08-12T12:30:00+00:00,CPI,released,release,https://www.bls.gov/schedule/2025/home.htm,2025-08-12T08:30:00-04:00,2026-10-02,Actual revised BLS calendar; cancelled publications omitted
2025-09-05T12:30:00+00:00,NFP,released,release,https://www.bls.gov/schedule/2025/home.htm,2025-09-05T08:30:00-04:00,2026-10-02,Actual revised BLS calendar; cancelled publications omitted
2025-09-11T12:30:00+00:00,CPI,released,release,https://www.bls.gov/schedule/2025/home.htm,2025-09-11T08:30:00-04:00,2026-10-02,Actual revised BLS calendar; cancelled publications omitted
2025-09-17T18:00:00+00:00,FOMC,released,policy_statement,https://www.federalreserve.gov/newsevents/pressreleases/monetary20250917a.htm,2025-09-17T14:00:00-04:00,2026-10-02,Includes unscheduled FOMC statements; excludes minutes and framework statements
2025-10-24T12:30:00+00:00,CPI,released,release,https://www.bls.gov/schedule/2025/home.htm,2025-10-24T08:30:00-04:00,2026-10-02,Actual revised BLS calendar; cancelled publications omitted
2025-10-29T18:00:00+00:00,FOMC,released,policy_statement,https://www.federalreserve.gov/newsevents/pressreleases/monetary20251029a.htm,2025-10-29T14:00:00-04:00,2026-10-02,Includes unscheduled FOMC statements; excludes minutes and framework statements
2025-11-20T13:30:00+00:00,NFP,released,release,https://www.bls.gov/schedule/2025/home.htm,2025-11-20T08:30:00-05:00,2026-10-02,Actual revised BLS calendar; cancelled publications omitted
2025-12-10T19:00:00+00:00,FOMC,released,policy_statement,https://www.federalreserve.gov/newsevents/pressreleases/monetary20251210a.htm,2025-12-10T14:00:00-05:00,2026-10-02,Includes unscheduled FOMC statements; excludes minutes and framework statements
2025-12-16T13:30:00+00:00,NFP,released,release,https://www.bls.gov/schedule/2025/home.htm,2025-12-16T08:30:00-05:00,2026-10-02,Actual revised BLS calendar; cancelled publications omitted
2025-12-18T13:30:00+00:00,CPI,released,release,https://www.bls.gov/schedule/2025/home.htm,2025-12-18T08:30:00-05:00,2026-10-02,Actual revised BLS calendar; cancelled publications omitted
2026-01-09T13:30:00+00:00,NFP,released,release,https://www.bls.gov/schedule/2026/home.htm,2026-01-09T08:30:00-05:00,2026-10-02,Actual revised BLS calendar; cancelled publications omitted
2026-01-13T13:30:00+00:00,CPI,released,release,https://www.bls.gov/schedule/2026/home.htm,2026-01-13T08:30:00-05:00,2026-10-02,Actual revised BLS calendar; cancelled publications omitted
2026-01-28T19:00:00+00:00,FOMC,released,policy_statement,https://www.federalreserve.gov/newsevents/pressreleases/monetary20260128a.htm,2026-01-28T14:00:00-05:00,2026-10-02,Includes unscheduled FOMC statements; excludes minutes and framework statements
2026-02-11T13:30:00+00:00,NFP,released,release,https://www.bls.gov/schedule/2026/home.htm,2026-02-11T08:30:00-05:00,2026-10-02,Actual revised BLS calendar; cancelled publications omitted
2026-02-13T13:30:00+00:00,CPI,released,release,https://www.bls.gov/schedule/2026/home.htm,2026-02-13T08:30:00-05:00,2026-10-02,Actual revised BLS calendar; cancelled publications omitted
2026-03-06T13:30:00+00:00,NFP,released,release,https://www.bls.gov/schedule/2026/home.htm,2026-03-06T08:30:00-05:00,2026-10-02,Actual revised BLS calendar; cancelled publications omitted
2026-03-11T12:30:00+00:00,CPI,released,release,https://www.bls.gov/schedule/2026/home.htm,2026-03-11T08:30:00-04:00,2026-10-02,Actual revised BLS calendar; cancelled publications omitted
2026-03-18T18:00:00+00:00,FOMC,released,policy_statement,https://www.federalreserve.gov/newsevents/pressreleases/monetary20260318a.htm,2026-03-18T14:00:00-04:00,2026-10-02,Includes unscheduled FOMC statements; excludes minutes and framework statements
2026-04-03T12:30:00+00:00,NFP,released,release,https://www.bls.gov/schedule/2026/home.htm,2026-04-03T08:30:00-04:00,2026-10-02,Actual revised BLS calendar; cancelled publications omitted
2026-04-10T12:30:00+00:00,CPI,released,release,https://www.bls.gov/schedule/2026/home.htm,2026-04-10T08:30:00-04:00,2026-10-02,Actual revised BLS calendar; cancelled publications omitted
2026-04-29T18:00:00+00:00,FOMC,released,policy_statement,https://www.federalreserve.gov/newsevents/pressreleases/monetary20260429a.htm,2026-04-29T14:00:00-04:00,2026-10-02,Includes unscheduled FOMC statements; excludes minutes and framework statements
2026-05-08T12:30:00+00:00,NFP,released,release,https://www.bls.gov/schedule/2026/home.htm,2026-05-08T08:30:00-04:00,2026-10-02,Actual revised BLS calendar; cancelled publications omitted
2026-05-12T12:30:00+00:00,CPI,released,release,https://www.bls.gov/schedule/2026/home.htm,2026-05-12T08:30:00-04:00,2026-10-02,Actual revised BLS calendar; cancelled publications omitted
2026-06-05T12:30:00+00:00,NFP,released,release,https://www.bls.gov/schedule/2026/home.htm,2026-06-05T08:30:00-04:00,2026-10-02,Actual revised BLS calendar; cancelled publications omitted
2026-06-10T12:30:00+00:00,CPI,released,release,https://www.bls.gov/schedule/2026/home.htm,2026-06-10T08:30:00-04:00,2026-10-02,Actual revised BLS calendar; cancelled publications omitted
2026-06-17T18:00:00+00:00,FOMC,released,policy_statement,https://www.federalreserve.gov/newsevents/pressreleases/monetary20260617a.htm,2026-06-17T14:00:00-04:00,2026-10-02,Includes unscheduled FOMC statements; excludes minutes and framework statements
2026-07-02T12:30:00+00:00,NFP,released,release,https://www.bls.gov/schedule/2026/home.htm,2026-07-02T08:30:00-04:00,2026-10-02,Actual revised BLS calendar; cancelled publications omitted
2026-07-14T12:30:00+00:00,CPI,released,release,https://www.bls.gov/schedule/2026/home.htm,2026-07-14T08:30:00-04:00,2026-10-02,Actual revised BLS calendar; cancelled publications omitted
2026-07-29T18:00:00+00:00,FOMC,released,policy_statement,https://www.federalreserve.gov/newsevents/pressreleases/monetary20260729a.htm,2026-07-29T14:00:00-04:00,2026-10-02,Includes unscheduled FOMC statements; excludes minutes and framework statements
2026-08-07T12:30:00+00:00,NFP,released,release,https://www.bls.gov/schedule/2026/home.htm,2026-08-07T08:30:00-04:00,2026-10-02,Actual revised BLS calendar; cancelled publications omitted
2026-08-12T12:30:00+00:00,CPI,released,release,https://www.bls.gov/schedule/2026/home.htm,2026-08-12T08:30:00-04:00,2026-10-02,Actual revised BLS calendar; cancelled publications omitted
2026-09-04T12:30:00+00:00,NFP,released,release,https://www.bls.gov/schedule/2026/home.htm,2026-09-04T08:30:00-04:00,2026-10-02,Actual revised BLS calendar; cancelled publications omitted
2026-09-11T12:30:00+00:00,CPI,released,release,https://www.bls.gov/schedule/2026/home.htm,2026-09-11T08:30:00-04:00,2026-10-02,Actual revised BLS calendar; cancelled publications omitted
2026-09-16T18:00:00+00:00,FOMC,released,policy_statement,https://www.federalreserve.gov/newsevents/pressreleases/monetary20260916a.htm,2026-09-16T14:00:00-04:00,2026-10-02,Includes unscheduled FOMC statements; excludes minutes and framework statements
2026-10-02T12:30:00+00:00,NFP,released,release,https://www.bls.gov/schedule/2026/home.htm,2026-10-02T08:30:00-04:00,2026-10-02,Actual revised BLS calendar; cancelled publications omitted
2026-10-14T12:30:00+00:00,CPI,scheduled,release,https://www.bls.gov/schedule/2026/home.htm,2026-10-14T08:30:00-04:00,2026-10-02,Actual revised BLS calendar; cancelled publications omitted
2026-10-28T18:00:00+00:00,FOMC,scheduled,policy_statement,https://www.federalreserve.gov/monetarypolicy/fomccalendars.htm,2026-10-28T14:00:00-04:00,2026-10-02,"Meeting date published; 14:00 ET customary statement time, tentative until confirmed"
2026-11-06T13:30:00+00:00,NFP,scheduled,release,https://www.bls.gov/schedule/2026/home.htm,2026-11-06T08:30:00-05:00,2026-10-02,Actual revised BLS calendar; cancelled publications omitted
2026-11-10T13:30:00+00:00,CPI,scheduled,release,https://www.bls.gov/schedule/2026/home.htm,2026-11-10T08:30:00-05:00,2026-10-02,Actual revised BLS calendar; cancelled publications omitted
2026-12-04T13:30:00+00:00,NFP,scheduled,release,https://www.bls.gov/schedule/2026/home.htm,2026-12-04T08:30:00-05:00,2026-10-02,Actual revised BLS calendar; cancelled publications omitted
2026-12-09T19:00:00+00:00,FOMC,scheduled,policy_statement,https://www.federalreserve.gov/monetarypolicy/fomccalendars.htm,2026-12-09T14:00:00-05:00,2026-10-02,"Meeting date published; 14:00 ET customary statement time, tentative until confirmed"
2026-12-10T13:30:00+00:00,CPI,scheduled,release,https://www.bls.gov/schedule/2026/home.htm,2026-12-10T08:30:00-05:00,2026-10-02,Actual revised BLS calendar; cancelled publications omitted
